{
    "lr": 1e-05,
    "batch_size": 32,
    "dropout": 0.1,
    "weight_decay": 0.0,
    "scheduler": "cosine",
    "warmup_ratio": 0.06,
    "pooling": "cls",
    "train_acc": 0.9862222222222222,
    "train_precision": 0.9849768495714708,
    "train_recall": 0.9875061728395061,
    "train_f1": 0.9862398895245611,
    "train_error": 0.013777777777777778,
    "val_acc": 0.9428888888888889,
    "val_precision": 0.9430858159181859,
    "val_recall": 0.9426666666666667,
    "val_f1": 0.9428761947099356,
    "val_error": 0.05711111111111111,
    "runtime": 5722.758577823639
}